{
    "preClose": {
        "002647.SZ": 23.92,
        "600461.SH": 6.6,
        "603326.SH": 18.18
    },
    "up": {
        "002647.SZ": [
            2.1895422321393396,
            1.3004869416988456
        ],
        "600461.SH": [
            2.270923154530137,
            0.9895756326855778
        ],
        "603326.SH": [
            2.2130293484045906,
            1.743799908235538
        ]
    }
}