{
    "balance": [
        800669.2205,
        200145.0,
        1000814.2205
    ],
    "pos": [
        [
            "603393.SH",
            "\u65b0\u5929\u7136\u6c14",
            5500.0,
            5500.0,
            200145.0,
            36.39,
            36.2419599090909,
            814.2205000000438,
            0.4084770560986262,
            "\u5426",
            "2020-03-17 14:55:00"
        ]
    ],
    "curDealNo": 0,
    "curEntrustNo": 0,
    "curDeals": [],
    "curEntrusts": []
}