{
    "preClose": {
        "600594.SH": 5.56,
        "601086.SH": 5.28,
        "603356.SH": 14.53
    },
    "up": {
        "600594.SH": [
            2.019643538709896,
            1.632436961515863
        ],
        "601086.SH": [
            2.0533862053482643,
            1.4151351635123326
        ],
        "603356.SH": [
            2.41170020132246,
            1.9083093037567194
        ]
    }
}